,Strategy,Date,Transaction,Symbol,Qty,Option,Strike,ExpiryDt,EnTime,BPrice,ExTime,SPrice
0,CE_PE_SMA10_SMA30_2021,2021-01-01,Buy,NIFTY,50,PE,14000,2021-01-07,15:17:45,98.75,15:15:00,92.6
1,CE_PE_SMA10_SMA30_2021,2021-01-04,Buy,NIFTY,50,CE,14100,2021-01-07,12:40:40,78.8,15:15:00,98.25
2,CE_PE_SMA10_SMA30_2021,2021-01-05,Buy,NIFTY,50,PE,14100,2021-01-07,10:09:20,100.6,11:21:50,71.65
3,CE_PE_SMA10_SMA30_2021,2021-01-05,Buy,NIFTY,50,CE,14100,2021-01-07,11:21:50,89.6,15:15:00,143.7
4,CE_PE_SMA10_SMA30_2021,2021-01-06,Buy,NIFTY,50,PE,14200,2021-01-07,13:30:00,66.3,15:15:00,74.25
5,CE_PE_SMA10_SMA30_2021,2021-01-07,Buy,NIFTY,50,CE,14300,2021-01-07,12:35:20,3.8,13:38:00,0.95
6,CE_PE_SMA10_SMA30_2021,2021-01-07,Buy,NIFTY,50,PE,14200,2021-01-07,13:38:00,34.6,15:15:00,58.85
7,CE_PE_SMA10_SMA30_2021,2021-01-08,Buy,NIFTY,50,CE,14300,2021-01-14,10:11:15,82.1,14:10:25,103.15
8,CE_PE_SMA10_SMA30_2021,2021-01-08,Buy,NIFTY,50,PE,14300,2021-01-14,14:10:25,117.85,14:41:40,104.1
9,CE_PE_SMA10_SMA30_2021,2021-01-08,Buy,NIFTY,50,CE,14300,2021-01-14,14:41:40,119.4,15:15:00,139.5
10,CE_PE_SMA10_SMA30_2021,2021-01-11,Buy,NIFTY,50,PE,14400,2021-01-14,11:40:20,101.6,12:45:00,90.45
11,CE_PE_SMA10_SMA30_2021,2021-01-11,Buy,NIFTY,50,CE,14500,2021-01-14,12:45:00,70.75,15:15:00,74.85
12,CE_PE_SMA10_SMA30_2021,2021-01-12,Buy,NIFTY,50,CE,14500,2021-01-14,11:20:45,82.75,15:15:00,122.0
13,CE_PE_SMA10_SMA30_2021,2021-01-13,Buy,NIFTY,50,PE,14600,2021-01-14,11:23:25,73.9,15:05:00,54.15
14,CE_PE_SMA10_SMA30_2021,2021-01-13,Buy,NIFTY,50,CE,14600,2021-01-14,15:05:00,45.45,15:15:00,40.2
15,CE_PE_SMA10_SMA30_2021,2021-01-14,Buy,NIFTY,50,PE,14500,2021-01-14,09:50:00,56.85,11:24:30,9.8
16,CE_PE_SMA10_SMA30_2021,2021-01-14,Buy,NIFTY,50,CE,14600,2021-01-14,11:24:30,16.1,13:35:15,8.95
17,CE_PE_SMA10_SMA30_2021,2021-01-14,Buy,NIFTY,50,PE,14600,2021-01-14,13:35:15,47.85,13:50:05,21.5
18,CE_PE_SMA10_SMA30_2021,2021-01-14,Buy,NIFTY,50,CE,14600,2021-01-14,13:50:05,20.85,15:15:00,0.65
19,CE_PE_SMA10_SMA30_2021,2021-01-15,Buy,NIFTY,50,PE,14600,2021-01-21,09:30:00,154.2,12:30:05,177.8
20,CE_PE_SMA10_SMA30_2021,2021-01-15,Buy,NIFTY,50,CE,14500,2021-01-21,12:30:05,157.55,14:06:20,116.75
21,CE_PE_SMA10_SMA30_2021,2021-01-15,Buy,NIFTY,50,PE,14400,2021-01-21,14:06:20,134.5,15:15:00,116.6
22,CE_PE_SMA10_SMA30_2021,2021-01-18,Buy,NIFTY,50,CE,14300,2021-01-21,13:22:05,144.75,15:17:10,115.85
23,CE_PE_SMA10_SMA30_2021,2021-01-18,Buy,NIFTY,50,PE,14300,2021-01-21,15:17:10,124.1,15:15:00,120.8
24,CE_PE_SMA10_SMA30_2021,2021-01-19,Buy,NIFTY,50,CE,14400,2021-01-21,09:55:00,98.0,15:15:00,187.25
25,CE_PE_SMA10_SMA30_2021,2021-01-20,Buy,NIFTY,50,PE,14600,2021-01-21,12:45:50,63.85,13:44:35,40.65
26,CE_PE_SMA10_SMA30_2021,2021-01-20,Buy,NIFTY,50,CE,14600,2021-01-21,13:44:35,66.65,15:15:00,73.5
27,CE_PE_SMA10_SMA30_2021,2021-01-21,Buy,NIFTY,50,PE,14700,2021-01-21,14:06:10,10.0,15:15:00,116.45
28,CE_PE_SMA10_SMA30_2021,2021-01-25,Buy,NIFTY,50,PE,14400,2021-01-28,11:33:15,140.8,13:11:00,109.1
29,CE_PE_SMA10_SMA30_2021,2021-01-25,Buy,NIFTY,50,CE,14400,2021-01-28,13:11:00,110.25,14:11:05,63.3
30,CE_PE_SMA10_SMA30_2021,2021-01-25,Buy,NIFTY,50,PE,14300,2021-01-28,14:11:05,111.3,15:15:00,123.05
31,CE_PE_SMA10_SMA30_2021,2021-01-28,Buy,NIFTY,50,PE,13800,2021-01-28,14:49:20,45.1,15:15:00,1.4
32,CE_PE_SMA10_SMA30_2021,2021-01-29,Buy,NIFTY,50,CE,13900,2021-02-04,09:20:00,234.85,15:17:25,119.15
33,CE_PE_SMA10_SMA30_2021,2021-01-29,Buy,NIFTY,50,PE,13700,2021-02-04,15:17:25,254.1,15:15:00,237.45
34,CE_PE_SMA10_SMA30_2021,2021-02-01,Buy,NIFTY,50,CE,13800,2021-02-04,10:40:40,180.65,15:15:00,503.1
35,CE_PE_SMA10_SMA30_2021,2021-02-03,Buy,NIFTY,50,CE,14700,2021-02-04,09:40:10,88.15,15:09:30,113.25
36,CE_PE_SMA10_SMA30_2021,2021-02-03,Buy,NIFTY,50,PE,14800,2021-02-04,15:09:30,82.1,15:15:00,76.05
37,CE_PE_SMA10_SMA30_2021,2021-02-04,Buy,NIFTY,50,CE,14800,2021-02-04,11:35:45,36.45,15:15:00,87.15
38,CE_PE_SMA10_SMA30_2021,2021-02-05,Buy,NIFTY,50,CE,15000,2021-02-11,11:51:20,153.8,13:33:45,115.0
39,CE_PE_SMA10_SMA30_2021,2021-02-05,Buy,NIFTY,50,PE,14900,2021-02-11,13:33:45,166.95,15:15:00,149.15
40,CE_PE_SMA10_SMA30_2021,2021-02-08,Buy,NIFTY,50,CE,15100,2021-02-11,09:20:00,124.5,12:25:05,104.6
41,CE_PE_SMA10_SMA30_2021,2021-02-08,Buy,NIFTY,50,PE,15100,2021-02-11,12:25:05,148.5,13:35:05,113.45
42,CE_PE_SMA10_SMA30_2021,2021-02-08,Buy,NIFTY,50,CE,15100,2021-02-11,13:35:05,127.85,15:15:00,127.85
43,CE_PE_SMA10_SMA30_2021,2021-02-09,Buy,NIFTY,50,CE,15200,2021-02-11,09:31:05,88.35,14:50:00,69.05
44,CE_PE_SMA10_SMA30_2021,2021-02-09,Buy,NIFTY,50,PE,15100,2021-02-11,14:50:00,100.5,15:15:00,100.6
45,CE_PE_SMA10_SMA30_2021,2021-02-10,Buy,NIFTY,50,CE,15100,2021-02-11,11:55:25,83.45,13:30:05,58.05
46,CE_PE_SMA10_SMA30_2021,2021-02-10,Buy,NIFTY,50,PE,15100,2021-02-11,13:30:05,110.55,15:13:05,71.4
47,CE_PE_SMA10_SMA30_2021,2021-02-10,Buy,NIFTY,50,CE,15100,2021-02-11,15:13:05,68.2,15:15:00,71.3
48,CE_PE_SMA10_SMA30_2021,2021-02-11,Buy,NIFTY,50,PE,15100,2021-02-11,11:50:25,33.65,14:10:40,15.6
49,CE_PE_SMA10_SMA30_2021,2021-02-11,Buy,NIFTY,50,CE,15100,2021-02-11,14:10:40,55.75,15:15:00,68.15
50,CE_PE_SMA10_SMA30_2021,2021-02-12,Buy,NIFTY,50,PE,15200,2021-02-18,13:50:25,143.55,15:15:00,146.7
51,CE_PE_SMA10_SMA30_2021,2021-02-15,Buy,NIFTY,50,CE,15300,2021-02-18,09:25:00,92.4,14:38:15,92.95
52,CE_PE_SMA10_SMA30_2021,2021-02-15,Buy,NIFTY,50,PE,15300,2021-02-18,14:38:15,98.7,15:15:10,82.25
53,CE_PE_SMA10_SMA30_2021,2021-02-15,Buy,NIFTY,50,CE,15300,2021-02-18,15:15:10,115.55,15:15:00,114.15
54,CE_PE_SMA10_SMA30_2021,2021-02-16,Buy,NIFTY,50,PE,15400,2021-02-18,11:30:15,119.6,15:00:10,120.9
55,CE_PE_SMA10_SMA30_2021,2021-02-16,Buy,NIFTY,50,CE,15300,2021-02-18,15:00:10,97.45,15:15:00,96.95
56,CE_PE_SMA10_SMA30_2021,2021-02-17,Buy,NIFTY,50,PE,15200,2021-02-18,10:01:15,72.5,11:21:30,34.55
57,CE_PE_SMA10_SMA30_2021,2021-02-17,Buy,NIFTY,50,CE,15300,2021-02-18,11:21:30,70.25,13:29:50,33.2
58,CE_PE_SMA10_SMA30_2021,2021-02-17,Buy,NIFTY,50,PE,15200,2021-02-18,13:29:50,59.0,15:15:00,52.95
59,CE_PE_SMA10_SMA30_2021,2021-02-18,Buy,NIFTY,50,CE,15200,2021-02-18,10:21:55,57.45,11:34:50,30.3
60,CE_PE_SMA10_SMA30_2021,2021-02-18,Buy,NIFTY,50,PE,15200,2021-02-18,11:34:50,44.5,14:40:05,54.3
61,CE_PE_SMA10_SMA30_2021,2021-02-18,Buy,NIFTY,50,CE,15100,2021-02-18,14:40:05,52.35,15:15:00,21.75
62,CE_PE_SMA10_SMA30_2021,2021-02-19,Buy,NIFTY,50,PE,15000,2021-02-25,09:25:55,130.65,10:40:05,85.6
63,CE_PE_SMA10_SMA30_2021,2021-02-19,Buy,NIFTY,50,CE,15100,2021-02-25,10:40:05,157.65,12:21:50,121.65
64,CE_PE_SMA10_SMA30_2021,2021-02-19,Buy,NIFTY,50,PE,15100,2021-02-25,12:21:50,141.85,12:45:10,132.85
65,CE_PE_SMA10_SMA30_2021,2021-02-19,Buy,NIFTY,50,CE,15100,2021-02-25,12:45:10,130.85,15:15:00,85.65
66,CE_PE_SMA10_SMA30_2021,2021-02-22,Buy,NIFTY,50,CE,15000,2021-02-25,09:30:00,120.45,10:05:50,87.4
67,CE_PE_SMA10_SMA30_2021,2021-02-22,Buy,NIFTY,50,PE,14900,2021-02-25,10:05:50,123.3,15:15:00,253.45
68,CE_PE_SMA10_SMA30_2021,2021-02-23,Buy,NIFTY,50,CE,14700,2021-02-25,09:59:45,124.0,12:05:50,134.85
69,CE_PE_SMA10_SMA30_2021,2021-02-23,Buy,NIFTY,50,PE,14700,2021-02-25,12:05:50,86.35,13:45:00,68.3
70,CE_PE_SMA10_SMA30_2021,2021-02-23,Buy,NIFTY,50,CE,14800,2021-02-25,13:45:00,78.9,14:43:15,62.55
71,CE_PE_SMA10_SMA30_2021,2021-02-23,Buy,NIFTY,50,PE,14700,2021-02-25,14:43:15,82.85,15:15:00,79.2
72,CE_PE_SMA10_SMA30_2021,2021-02-25,Buy,NIFTY,50,PE,15100,2021-02-25,11:40:00,40.65,13:15:15,15.75
73,CE_PE_SMA10_SMA30_2021,2021-02-25,Buy,NIFTY,50,CE,15100,2021-02-25,13:15:15,53.65,15:15:00,2.3
74,CE_PE_SMA10_SMA30_2021,2021-02-26,Buy,NIFTY,50,CE,14700,2021-03-04,14:05:05,198.9,15:15:00,141.2
75,CE_PE_SMA10_SMA30_2021,2021-03-01,Buy,NIFTY,50,CE,14800,2021-03-04,09:55:00,150.1,12:00:05,119.95
76,CE_PE_SMA10_SMA30_2021,2021-03-01,Buy,NIFTY,50,PE,14700,2021-03-04,12:00:05,167.3,13:30:00,128.9
77,CE_PE_SMA10_SMA30_2021,2021-03-01,Buy,NIFTY,50,CE,14800,2021-03-04,13:30:00,133.45,15:15:00,127.8
78,CE_PE_SMA10_SMA30_2021,2021-03-02,Buy,NIFTY,50,PE,14800,2021-03-04,11:20:00,143.5,15:09:55,63.8
79,CE_PE_SMA10_SMA30_2021,2021-03-02,Buy,NIFTY,50,CE,14900,2021-03-04,15:09:55,96.45,15:15:00,125.45
80,CE_PE_SMA10_SMA30_2021,2021-03-04,Buy,NIFTY,50,PE,15100,2021-03-04,09:35:00,98.3,11:39:45,26.7
81,CE_PE_SMA10_SMA30_2021,2021-03-04,Buy,NIFTY,50,CE,15200,2021-03-04,11:39:45,27.6,15:02:50,0.35
82,CE_PE_SMA10_SMA30_2021,2021-03-04,Buy,NIFTY,50,PE,15100,2021-03-04,15:02:50,16.3,15:15:00,19.1
83,CE_PE_SMA10_SMA30_2021,2021-03-05,Buy,NIFTY,50,PE,15000,2021-03-10,12:06:15,217.1,12:45:00,184.1
84,CE_PE_SMA10_SMA30_2021,2021-03-05,Buy,NIFTY,50,CE,15000,2021-03-10,12:45:00,211.2,13:40:00,175.6
85,CE_PE_SMA10_SMA30_2021,2021-03-05,Buy,NIFTY,50,PE,15000,2021-03-10,13:40:00,217.75,15:15:00,199.8
86,CE_PE_SMA10_SMA30_2021,2021-03-08,Buy,NIFTY,50,CE,15100,2021-03-10,09:20:15,124.25,15:15:00,69.35
87,CE_PE_SMA10_SMA30_2021,2021-03-09,Buy,NIFTY,50,CE,15100,2021-03-10,09:25:00,113.3,12:30:00,57.55
88,CE_PE_SMA10_SMA30_2021,2021-03-09,Buy,NIFTY,50,PE,15100,2021-03-10,12:30:00,132.85,14:41:10,116.5
89,CE_PE_SMA10_SMA30_2021,2021-03-09,Buy,NIFTY,50,CE,15100,2021-03-10,14:41:10,45.15,15:15:00,83.75
90,CE_PE_SMA10_SMA30_2021,2021-03-10,Buy,NIFTY,50,PE,15200,2021-03-10,11:20:15,75.05,13:15:10,50.0
91,CE_PE_SMA10_SMA30_2021,2021-03-10,Buy,NIFTY,50,CE,15200,2021-03-10,13:15:10,19.35,15:15:00,0.2
92,CE_PE_SMA10_SMA30_2021,2021-03-15,Buy,NIFTY,50,CE,14900,2021-03-18,14:30:15,112.55,15:15:00,155.3
93,CE_PE_SMA10_SMA30_2021,2021-03-16,Buy,NIFTY,50,PE,15000,2021-03-18,11:55:05,119.75,15:15:00,151.0
94,CE_PE_SMA10_SMA30_2021,2021-03-17,Buy,NIFTY,50,CE,15000,2021-03-18,11:46:10,56.2,12:35:00,37.35
95,CE_PE_SMA10_SMA30_2021,2021-03-17,Buy,NIFTY,50,PE,14900,2021-03-18,12:35:00,103.55,15:15:00,195.95
96,CE_PE_SMA10_SMA30_2021,2021-03-18,Buy,NIFTY,50,CE,14900,2021-03-18,09:45:00,29.7,11:06:20,8.5
97,CE_PE_SMA10_SMA30_2021,2021-03-18,Buy,NIFTY,50,PE,14800,2021-03-18,11:06:20,46.75,15:15:00,236.9
98,CE_PE_SMA10_SMA30_2021,2021-03-19,Buy,NIFTY,50,CE,14600,2021-03-25,10:48:10,165.6,15:15:00,264.85
99,CE_PE_SMA10_SMA30_2021,2021-03-22,Buy,NIFTY,50,CE,14700,2021-03-25,15:07:00,151.2,15:15:00,168.45
100,CE_PE_SMA10_SMA30_2021,2021-03-23,Buy,NIFTY,50,PE,14700,2021-03-25,11:45:05,102.35,15:15:00,52.85
101,CE_PE_SMA10_SMA30_2021,2021-03-24,Buy,NIFTY,50,PE,14700,2021-03-25,09:25:50,85.75,14:00:20,111.0
102,CE_PE_SMA10_SMA30_2021,2021-03-24,Buy,NIFTY,50,CE,14600,2021-03-25,14:00:20,112.9,15:03:15,56.5
103,CE_PE_SMA10_SMA30_2021,2021-03-24,Buy,NIFTY,50,PE,14600,2021-03-25,15:03:15,108.6,15:15:00,98.4
104,CE_PE_SMA10_SMA30_2021,2021-03-25,Buy,NIFTY,50,CE,14400,2021-03-25,14:03:10,45.0,15:15:00,0.45
105,CE_PE_SMA10_SMA30_2021,2021-03-26,Buy,NIFTY,50,PE,14600,2021-04-01,14:55:05,173.0,15:15:00,185.6
106,CE_PE_SMA10_SMA30_2021,2021-03-30,Buy,NIFTY,50,CE,14800,2021-04-01,09:26:05,55.45,13:01:30,78.05
107,CE_PE_SMA10_SMA30_2021,2021-03-30,Buy,NIFTY,50,PE,14800,2021-04-01,13:01:30,139.2,13:35:00,111.7
108,CE_PE_SMA10_SMA30_2021,2021-03-30,Buy,NIFTY,50,CE,14900,2021-04-01,13:35:00,54.2,15:15:00,81.5
109,CE_PE_SMA10_SMA30_2021,2021-03-31,Buy,NIFTY,50,PE,14800,2021-04-01,09:30:00,128.8,12:42:00,117.1
110,CE_PE_SMA10_SMA30_2021,2021-03-31,Buy,NIFTY,50,CE,14800,2021-04-01,12:42:00,62.2,13:30:00,38.45
111,CE_PE_SMA10_SMA30_2021,2021-03-31,Buy,NIFTY,50,PE,14700,2021-04-01,13:30:00,95.0,15:15:00,75.9
112,CE_PE_SMA10_SMA30_2021,2021-04-01,Buy,NIFTY,50,CE,14900,2021-04-01,09:20:00,18.6,15:15:00,0.6
113,CE_PE_SMA10_SMA30_2021,2021-04-05,Buy,NIFTY,50,PE,14800,2021-04-08,09:54:45,166.9,12:31:05,286.5
114,CE_PE_SMA10_SMA30_2021,2021-04-05,Buy,NIFTY,50,CE,14600,2021-04-08,12:31:05,133.2,15:15:00,151.55
115,CE_PE_SMA10_SMA30_2021,2021-04-06,Buy,NIFTY,50,PE,14700,2021-04-08,12:35:10,114.0,15:15:00,101.7
116,CE_PE_SMA10_SMA30_2021,2021-04-07,Buy,NIFTY,50,PE,14900,2021-04-08,13:40:10,123.85,15:15:00,106.9
117,CE_PE_SMA10_SMA30_2021,2021-04-08,Buy,NIFTY,50,CE,15000,2021-04-08,10:00:25,15.45,12:02:05,8.2
118,CE_PE_SMA10_SMA30_2021,2021-04-08,Buy,NIFTY,50,PE,15000,2021-04-08,12:02:05,96.6,15:15:00,128.75
119,CE_PE_SMA10_SMA30_2021,2021-04-09,Buy,NIFTY,50,PE,14900,2021-04-15,11:20:00,181.5,15:15:00,157.45
120,CE_PE_SMA10_SMA30_2021,2021-04-13,Buy,NIFTY,50,CE,14400,2021-04-15,09:25:40,100.3,11:15:15,75.7
121,CE_PE_SMA10_SMA30_2021,2021-04-13,Buy,NIFTY,50,PE,14400,2021-04-15,11:15:15,121.75,13:36:05,88.95
122,CE_PE_SMA10_SMA30_2021,2021-04-13,Buy,NIFTY,50,CE,14400,2021-04-15,13:36:05,80.65,15:15:00,146.65
123,CE_PE_SMA10_SMA30_2021,2021-04-15,Buy,NIFTY,50,PE,14500,2021-04-15,10:15:00,85.85,12:26:45,89.45
124,CE_PE_SMA10_SMA30_2021,2021-04-15,Buy,NIFTY,50,CE,14500,2021-04-15,12:26:45,17.4,15:15:00,76.9
125,CE_PE_SMA10_SMA30_2021,2021-04-16,Buy,NIFTY,50,PE,14700,2021-04-22,12:16:55,175.35,14:22:55,145.25
126,CE_PE_SMA10_SMA30_2021,2021-04-16,Buy,NIFTY,50,CE,14700,2021-04-22,14:22:55,121.4,15:15:00,94.45
127,CE_PE_SMA10_SMA30_2021,2021-04-19,Buy,NIFTY,50,CE,14300,2021-04-22,13:15:05,138.45,15:15:00,159.7
128,CE_PE_SMA10_SMA30_2021,2021-04-20,Buy,NIFTY,50,PE,14400,2021-04-22,11:25:00,95.75,15:15:00,135.85
129,CE_PE_SMA10_SMA30_2021,2021-04-22,Buy,NIFTY,50,CE,14300,2021-04-22,11:30:00,38.45,15:15:00,106.6
130,CE_PE_SMA10_SMA30_2021,2021-04-23,Buy,NIFTY,50,CE,14400,2021-04-29,10:51:05,174.95,12:35:05,161.45
131,CE_PE_SMA10_SMA30_2021,2021-04-23,Buy,NIFTY,50,PE,14400,2021-04-29,12:35:05,178.2,15:15:00,195.25
132,CE_PE_SMA10_SMA30_2021,2021-04-26,Buy,NIFTY,50,CE,14500,2021-04-29,09:25:00,137.9,12:19:05,142.6
133,CE_PE_SMA10_SMA30_2021,2021-04-26,Buy,NIFTY,50,PE,14500,2021-04-29,12:19:05,140.1,15:15:00,142.9
134,CE_PE_SMA10_SMA30_2021,2021-04-27,Buy,NIFTY,50,CE,14500,2021-04-29,09:39:00,138.2,13:40:40,154.3
135,CE_PE_SMA10_SMA30_2021,2021-04-27,Buy,NIFTY,50,PE,14600,2021-04-29,13:40:40,109.45,14:21:00,82.4
136,CE_PE_SMA10_SMA30_2021,2021-04-27,Buy,NIFTY,50,CE,14600,2021-04-29,14:21:00,117.6,15:15:00,123.75
137,CE_PE_SMA10_SMA30_2021,2021-04-29,Buy,NIFTY,50,PE,14900,2021-04-29,10:45:10,77.9,12:15:00,40.1
138,CE_PE_SMA10_SMA30_2021,2021-04-29,Buy,NIFTY,50,CE,14900,2021-04-29,12:15:00,48.8,14:56:15,10.55
139,CE_PE_SMA10_SMA30_2021,2021-04-29,Buy,NIFTY,50,PE,14900,2021-04-29,14:56:15,32.7,15:15:00,4.45
140,CE_PE_SMA10_SMA30_2021,2021-04-30,Buy,NIFTY,50,PE,14800,2021-05-06,13:27:15,182.2,15:15:00,247.35
141,CE_PE_SMA10_SMA30_2021,2021-05-04,Buy,NIFTY,50,CE,14700,2021-05-06,11:07:20,104.2,12:55:00,93.9
142,CE_PE_SMA10_SMA30_2021,2021-05-04,Buy,NIFTY,50,PE,14700,2021-05-06,12:55:00,124.95,15:15:00,225.25
143,CE_PE_SMA10_SMA30_2021,2021-05-05,Buy,NIFTY,50,CE,14600,2021-05-06,10:00:05,84.6,14:35:40,65.5
144,CE_PE_SMA10_SMA30_2021,2021-05-05,Buy,NIFTY,50,PE,14600,2021-05-06,14:35:40,85.75,15:15:00,58.9
145,CE_PE_SMA10_SMA30_2021,2021-05-06,Buy,NIFTY,50,CE,14700,2021-05-06,09:36:20,43.65,15:15:00,16.15
146,CE_PE_SMA10_SMA30_2021,2021-05-07,Buy,NIFTY,50,CE,14900,2021-05-12,09:20:00,107.0,11:25:00,87.8
147,CE_PE_SMA10_SMA30_2021,2021-05-07,Buy,NIFTY,50,PE,14800,2021-05-12,11:25:00,128.7,14:10:00,114.65
148,CE_PE_SMA10_SMA30_2021,2021-05-07,Buy,NIFTY,50,CE,14900,2021-05-12,14:10:00,89.3,15:15:00,90.75
149,CE_PE_SMA10_SMA30_2021,2021-05-10,Buy,NIFTY,50,CE,15000,2021-05-12,14:17:15,73.4,14:26:20,61.9
150,CE_PE_SMA10_SMA30_2021,2021-05-10,Buy,NIFTY,50,PE,15000,2021-05-12,14:26:20,118.1,15:15:00,118.5
151,CE_PE_SMA10_SMA30_2021,2021-05-11,Buy,NIFTY,50,CE,14900,2021-05-12,11:46:05,66.75,13:20:10,37.1
152,CE_PE_SMA10_SMA30_2021,2021-05-11,Buy,NIFTY,50,PE,14900,2021-05-12,13:20:10,114.85,15:05:00,89.0
153,CE_PE_SMA10_SMA30_2021,2021-05-11,Buy,NIFTY,50,CE,14900,2021-05-12,15:05:00,39.75,15:15:00,39.5
154,CE_PE_SMA10_SMA30_2021,2021-05-12,Buy,NIFTY,50,PE,14800,2021-05-12,09:30:10,68.8,12:25:25,58.2
155,CE_PE_SMA10_SMA30_2021,2021-05-12,Buy,NIFTY,50,CE,14800,2021-05-12,12:25:25,15.5,14:21:10,3.45
156,CE_PE_SMA10_SMA30_2021,2021-05-12,Buy,NIFTY,50,PE,14800,2021-05-12,14:21:10,67.0,15:15:00,98.25
157,CE_PE_SMA10_SMA30_2021,2021-05-14,Buy,NIFTY,50,PE,14700,2021-05-20,11:37:45,148.25,13:25:35,141.75
158,CE_PE_SMA10_SMA30_2021,2021-05-14,Buy,NIFTY,50,CE,14700,2021-05-20,13:25:35,116.4,15:15:00,120.35
159,CE_PE_SMA10_SMA30_2021,2021-05-18,Buy,NIFTY,50,PE,15100,2021-05-20,13:00:00,74.85,13:45:10,57.5
160,CE_PE_SMA10_SMA30_2021,2021-05-18,Buy,NIFTY,50,CE,15200,2021-05-20,13:45:10,54.3,14:41:50,40.7
161,CE_PE_SMA10_SMA30_2021,2021-05-18,Buy,NIFTY,50,PE,15100,2021-05-20,14:41:50,73.15,15:15:00,71.4
162,CE_PE_SMA10_SMA30_2021,2021-05-20,Buy,NIFTY,50,CE,15000,2021-05-20,11:52:05,45.4,12:27:05,29.1
163,CE_PE_SMA10_SMA30_2021,2021-05-20,Buy,NIFTY,50,PE,15000,2021-05-20,12:27:05,41.5,15:15:00,93.25
164,CE_PE_SMA10_SMA30_2021,2021-05-21,Buy,NIFTY,50,CE,15000,2021-05-27,09:41:55,152.1,13:04:20,191.7
165,CE_PE_SMA10_SMA30_2021,2021-05-21,Buy,NIFTY,50,PE,15100,2021-05-27,13:04:20,114.95,14:14:50,98.7
166,CE_PE_SMA10_SMA30_2021,2021-05-21,Buy,NIFTY,50,CE,15100,2021-05-27,14:14:50,144.2,15:15:00,183.5
167,CE_PE_SMA10_SMA30_2021,2021-05-24,Buy,NIFTY,50,PE,15200,2021-05-27,12:41:35,99.1,13:08:55,84.8
168,CE_PE_SMA10_SMA30_2021,2021-05-24,Buy,NIFTY,50,CE,15200,2021-05-27,13:08:55,113.1,15:15:45,93.35
169,CE_PE_SMA10_SMA30_2021,2021-05-24,Buy,NIFTY,50,PE,15200,2021-05-27,15:15:45,94.15,15:15:00,89.0
170,CE_PE_SMA10_SMA30_2021,2021-05-25,Buy,NIFTY,50,PE,15200,2021-05-27,13:01:25,57.1,15:15:00,68.25
171,CE_PE_SMA10_SMA30_2021,2021-05-26,Buy,NIFTY,50,PE,15300,2021-05-27,15:02:00,57.9,15:15:00,50.0
172,CE_PE_SMA10_SMA30_2021,2021-05-27,Buy,NIFTY,50,PE,15300,2021-05-27,09:26:05,50.6,10:57:35,28.95
173,CE_PE_SMA10_SMA30_2021,2021-05-27,Buy,NIFTY,50,CE,15300,2021-05-27,10:57:35,42.9,14:15:15,23.75
174,CE_PE_SMA10_SMA30_2021,2021-05-27,Buy,NIFTY,50,PE,15300,2021-05-27,14:15:15,25.85,15:15:00,0.15
175,CE_PE_SMA10_SMA30_2021,2021-05-28,Buy,NIFTY,50,PE,15400,2021-06-03,11:30:15,113.4,13:34:10,92.6
176,CE_PE_SMA10_SMA30_2021,2021-05-28,Buy,NIFTY,50,CE,15500,2021-06-03,13:34:10,79.4,15:15:00,74.25
177,CE_PE_SMA10_SMA30_2021,2021-05-31,Buy,NIFTY,50,CE,15500,2021-06-03,10:15:00,87.35,15:15:00,120.55
178,CE_PE_SMA10_SMA30_2021,2021-06-01,Buy,NIFTY,50,PE,15600,2021-06-03,10:45:10,106.15,12:40:00,90.45
179,CE_PE_SMA10_SMA30_2021,2021-06-01,Buy,NIFTY,50,CE,15600,2021-06-03,12:40:00,70.6,15:15:00,64.55
180,CE_PE_SMA10_SMA30_2021,2021-06-02,Buy,NIFTY,50,CE,15500,2021-06-03,12:41:50,60.7,13:15:00,44.0
181,CE_PE_SMA10_SMA30_2021,2021-06-02,Buy,NIFTY,50,PE,15500,2021-06-03,13:15:00,69.05,14:10:40,55.2
182,CE_PE_SMA10_SMA30_2021,2021-06-02,Buy,NIFTY,50,CE,15500,2021-06-03,14:10:40,49.9,15:15:00,103.15
183,CE_PE_SMA10_SMA30_2021,2021-06-03,Buy,NIFTY,50,PE,15700,2021-06-03,12:45:05,77.15,14:05:30,49.6
184,CE_PE_SMA10_SMA30_2021,2021-06-03,Buy,NIFTY,50,CE,15700,2021-06-03,14:05:30,8.1,15:15:00,1.05
185,CE_PE_SMA10_SMA30_2021,2021-06-04,Buy,NIFTY,50,PE,15700,2021-06-10,11:10:00,118.7,15:15:35,107.7
186,CE_PE_SMA10_SMA30_2021,2021-06-04,Buy,NIFTY,50,CE,15700,2021-06-10,15:15:35,91.5,15:15:00,89.95
187,CE_PE_SMA10_SMA30_2021,2021-06-07,Buy,NIFTY,50,CE,15800,2021-06-10,13:37:05,65.4,15:15:00,64.35
188,CE_PE_SMA10_SMA30_2021,2021-06-08,Buy,NIFTY,50,PE,15800,2021-06-10,09:25:00,105.7,11:35:00,113.8
189,CE_PE_SMA10_SMA30_2021,2021-06-08,Buy,NIFTY,50,CE,15700,2021-06-10,11:35:00,87.05,15:15:00,93.9
190,CE_PE_SMA10_SMA30_2021,2021-06-09,Buy,NIFTY,50,CE,15800,2021-06-10,09:53:00,37.25,13:10:00,24.0
191,CE_PE_SMA10_SMA30_2021,2021-06-09,Buy,NIFTY,50,PE,15800,2021-06-10,13:10:00,82.6,15:15:00,156.35
192,CE_PE_SMA10_SMA30_2021,2021-06-10,Buy,NIFTY,50,CE,15700,2021-06-10,09:36:20,34.9,15:15:00,35.4
193,CE_PE_SMA10_SMA30_2021,2021-06-11,Buy,NIFTY,50,PE,15800,2021-06-17,12:10:35,100.95,14:10:00,88.8
194,CE_PE_SMA10_SMA30_2021,2021-06-11,Buy,NIFTY,50,CE,15800,2021-06-17,14:10:00,98.7,15:15:00,91.2
195,CE_PE_SMA10_SMA30_2021,2021-06-14,Buy,NIFTY,50,PE,15700,2021-06-17,09:25:00,88.5,11:55:15,77.05
196,CE_PE_SMA10_SMA30_2021,2021-06-14,Buy,NIFTY,50,CE,15700,2021-06-17,11:55:15,90.15,15:15:00,151.4
197,CE_PE_SMA10_SMA30_2021,2021-06-15,Buy,NIFTY,50,PE,15900,2021-06-17,13:45:50,90.9,15:15:00,79.55
198,CE_PE_SMA10_SMA30_2021,2021-06-16,Buy,NIFTY,50,CE,15800,2021-06-17,13:57:35,60.0,15:15:00,44.15
199,CE_PE_SMA10_SMA30_2021,2021-06-17,Buy,NIFTY,50,PE,15700,2021-06-17,11:59:05,27.35,15:15:00,4.4
200,CE_PE_SMA10_SMA30_2021,2021-06-18,Buy,NIFTY,50,CE,15700,2021-06-24,09:25:10,125.35,10:10:00,84.8
201,CE_PE_SMA10_SMA30_2021,2021-06-18,Buy,NIFTY,50,PE,15600,2021-06-24,10:10:00,119.0,12:35:25,126.45
202,CE_PE_SMA10_SMA30_2021,2021-06-18,Buy,NIFTY,50,CE,15600,2021-06-24,12:35:25,116.7,15:15:00,156.95
203,CE_PE_SMA10_SMA30_2021,2021-06-21,Buy,NIFTY,50,PE,15600,2021-06-24,09:46:20,127.65,15:15:00,39.55
204,CE_PE_SMA10_SMA30_2021,2021-06-22,Buy,NIFTY,50,PE,15800,2021-06-24,12:23:20,50.55,15:15:00,77.15
205,CE_PE_SMA10_SMA30_2021,2021-06-23,Buy,NIFTY,50,PE,15800,2021-06-24,10:10:40,74.65,15:15:00,123.2
206,CE_PE_SMA10_SMA30_2021,2021-06-24,Buy,NIFTY,50,CE,15700,2021-06-24,10:00:10,65.95,15:15:00,92.1
207,CE_PE_SMA10_SMA30_2021,2021-06-28,Buy,NIFTY,50,PE,15900,2021-07-01,10:35:30,112.0,13:10:05,117.1
208,CE_PE_SMA10_SMA30_2021,2021-06-28,Buy,NIFTY,50,CE,15900,2021-07-01,13:10:05,54.55,15:15:00,51.7
209,CE_PE_SMA10_SMA30_2021,2021-06-29,Buy,NIFTY,50,CE,15800,2021-07-01,13:29:20,57.5,14:01:10,45.5
210,CE_PE_SMA10_SMA30_2021,2021-06-29,Buy,NIFTY,50,PE,15800,2021-07-01,14:01:10,95.75,15:15:00,87.9
211,CE_PE_SMA10_SMA30_2021,2021-06-30,Buy,NIFTY,50,CE,15800,2021-07-01,09:58:45,50.45,13:14:35,58.85
212,CE_PE_SMA10_SMA30_2021,2021-06-30,Buy,NIFTY,50,PE,15900,2021-07-01,13:14:35,97.45,15:15:00,184.65
213,CE_PE_SMA10_SMA30_2021,2021-07-01,Buy,NIFTY,50,PE,15700,2021-07-01,14:31:00,16.8,15:15:00,22.95
214,CE_PE_SMA10_SMA30_2021,2021-07-02,Buy,NIFTY,50,CE,15700,2021-07-08,12:16:20,74.0,14:15:25,69.55
215,CE_PE_SMA10_SMA30_2021,2021-07-02,Buy,NIFTY,50,PE,15700,2021-07-08,14:15:25,92.35,15:00:35,67.0
216,CE_PE_SMA10_SMA30_2021,2021-07-02,Buy,NIFTY,50,CE,15700,2021-07-08,15:00:35,83.4,15:15:00,87.05
217,CE_PE_SMA10_SMA30_2021,2021-07-05,Buy,NIFTY,50,PE,15800,2021-07-08,12:35:50,57.65,13:57:05,50.25
218,CE_PE_SMA10_SMA30_2021,2021-07-05,Buy,NIFTY,50,CE,15800,2021-07-08,13:57:05,74.0,15:15:00,82.95
219,CE_PE_SMA10_SMA30_2021,2021-07-06,Buy,NIFTY,50,PE,15900,2021-07-08,14:17:15,64.05,15:15:00,108.85
220,CE_PE_SMA10_SMA30_2021,2021-07-07,Buy,NIFTY,50,CE,15800,2021-07-08,11:47:25,63.55,13:34:10,53.55
221,CE_PE_SMA10_SMA30_2021,2021-07-07,Buy,NIFTY,50,PE,15800,2021-07-08,13:34:10,37.85,14:10:25,25.55
222,CE_PE_SMA10_SMA30_2021,2021-07-07,Buy,NIFTY,50,CE,15900,2021-07-08,14:10:25,19.15,15:15:00,25.1
223,CE_PE_SMA10_SMA30_2021,2021-07-08,Buy,NIFTY,50,PE,15800,2021-07-08,10:15:40,13.3,15:15:00,67.35
224,CE_PE_SMA10_SMA30_2021,2021-07-12,Buy,NIFTY,50,PE,15800,2021-07-15,12:25:20,83.4,15:15:00,132.5
225,CE_PE_SMA10_SMA30_2021,2021-07-13,Buy,NIFTY,50,CE,15800,2021-07-15,11:46:45,50.95,15:15:00,63.85
226,CE_PE_SMA10_SMA30_2021,2021-07-14,Buy,NIFTY,50,PE,15800,2021-07-15,09:44:05,61.55,11:09:10,36.35
227,CE_PE_SMA10_SMA30_2021,2021-07-14,Buy,NIFTY,50,CE,15800,2021-07-15,11:09:10,63.85,15:15:00,76.35
228,CE_PE_SMA10_SMA30_2021,2021-07-15,Buy,NIFTY,50,PE,15900,2021-07-15,13:25:35,12.0,14:13:35,4.6
229,CE_PE_SMA10_SMA30_2021,2021-07-15,Buy,NIFTY,50,CE,16000,2021-07-15,14:13:35,1.95,15:15:00,0.1
230,CE_PE_SMA10_SMA30_2021,2021-07-16,Buy,NIFTY,50,PE,15900,2021-07-22,12:02:45,75.1,14:36:20,61.5
231,CE_PE_SMA10_SMA30_2021,2021-07-16,Buy,NIFTY,50,CE,15900,2021-07-22,14:36:20,94.9,15:15:00,91.0
232,CE_PE_SMA10_SMA30_2021,2021-07-19,Buy,NIFTY,50,PE,15800,2021-07-22,12:26:30,63.9,15:15:00,88.75
233,CE_PE_SMA10_SMA30_2021,2021-07-20,Buy,NIFTY,50,PE,15700,2021-07-22,09:27:10,67.75,12:58:30,85.35
234,CE_PE_SMA10_SMA30_2021,2021-07-20,Buy,NIFTY,50,CE,15600,2021-07-22,12:58:30,97.15,14:55:00,88.8
235,CE_PE_SMA10_SMA30_2021,2021-07-20,Buy,NIFTY,50,PE,15700,2021-07-22,14:55:00,77.65,15:15:00,81.15
236,CE_PE_SMA10_SMA30_2021,2021-07-22,Buy,NIFTY,50,CE,15700,2021-07-22,09:30:00,64.1,15:15:00,115.25
237,CE_PE_SMA10_SMA30_2021,2021-07-23,Buy,NIFTY,50,CE,15900,2021-07-29,09:20:00,63.7,15:15:00,55.1
238,CE_PE_SMA10_SMA30_2021,2021-07-26,Buy,NIFTY,50,CE,15900,2021-07-29,10:36:10,62.0,12:00:00,42.8
239,CE_PE_SMA10_SMA30_2021,2021-07-26,Buy,NIFTY,50,PE,15800,2021-07-29,12:00:00,59.55,15:15:00,59.5
240,CE_PE_SMA10_SMA30_2021,2021-07-27,Buy,NIFTY,50,CE,15900,2021-07-29,10:00:00,41.05,11:25:30,32.3
241,CE_PE_SMA10_SMA30_2021,2021-07-27,Buy,NIFTY,50,PE,15800,2021-07-29,11:25:30,47.55,15:15:00,94.85
242,CE_PE_SMA10_SMA30_2021,2021-07-28,Buy,NIFTY,50,PE,15700,2021-07-29,09:25:05,84.5,12:35:00,89.3
243,CE_PE_SMA10_SMA30_2021,2021-07-28,Buy,NIFTY,50,CE,15600,2021-07-29,12:35:00,78.9,15:15:00,118.3
244,CE_PE_SMA10_SMA30_2021,2021-07-29,Buy,NIFTY,50,PE,15800,2021-07-29,14:51:20,22.0,15:15:00,22.15
245,CE_PE_SMA10_SMA30_2021,2021-07-30,Buy,NIFTY,50,CE,15800,2021-08-05,09:53:55,87.0,14:50:35,70.35
246,CE_PE_SMA10_SMA30_2021,2021-07-30,Buy,NIFTY,50,PE,15800,2021-08-05,14:50:35,94.0,15:15:00,109.75
247,CE_PE_SMA10_SMA30_2021,2021-08-02,Buy,NIFTY,50,CE,15900,2021-08-05,09:49:15,46.6,14:45:00,40.8
248,CE_PE_SMA10_SMA30_2021,2021-08-02,Buy,NIFTY,50,PE,15900,2021-08-05,14:45:00,96.1,15:15:00,75.75
249,CE_PE_SMA10_SMA30_2021,2021-08-03,Buy,NIFTY,50,CE,15900,2021-08-05,09:20:00,74.7,15:15:00,232.2
250,CE_PE_SMA10_SMA30_2021,2021-08-04,Buy,NIFTY,50,PE,16200,2021-08-05,11:45:00,53.75,13:59:05,29.45
251,CE_PE_SMA10_SMA30_2021,2021-08-04,Buy,NIFTY,50,CE,16300,2021-08-05,13:59:05,28.0,15:15:00,26.1
252,CE_PE_SMA10_SMA30_2021,2021-08-05,Buy,NIFTY,50,PE,16200,2021-08-05,09:30:00,24.5,11:45:25,7.6
253,CE_PE_SMA10_SMA30_2021,2021-08-05,Buy,NIFTY,50,CE,16300,2021-08-05,11:45:25,12.3,15:11:15,8.6
254,CE_PE_SMA10_SMA30_2021,2021-08-05,Buy,NIFTY,50,PE,16300,2021-08-05,15:11:15,3.45,15:15:00,6.3
255,CE_PE_SMA10_SMA30_2021,2021-08-06,Buy,NIFTY,50,PE,16300,2021-08-12,13:21:20,120.9,15:15:00,125.65
256,CE_PE_SMA10_SMA30_2021,2021-08-09,Buy,NIFTY,50,CE,16300,2021-08-12,09:46:35,75.75,15:15:00,50.6
257,CE_PE_SMA10_SMA30_2021,2021-08-10,Buy,NIFTY,50,PE,16300,2021-08-12,13:10:05,50.85,15:15:00,67.1
258,CE_PE_SMA10_SMA30_2021,2021-08-11,Buy,NIFTY,50,CE,16300,2021-08-12,09:30:00,59.4,10:30:30,28.95
259,CE_PE_SMA10_SMA30_2021,2021-08-11,Buy,NIFTY,50,PE,16200,2021-08-12,10:30:30,53.15,13:20:05,32.95
260,CE_PE_SMA10_SMA30_2021,2021-08-11,Buy,NIFTY,50,CE,16300,2021-08-12,13:20:05,28.25,15:15:00,32.7
261,CE_PE_SMA10_SMA30_2021,2021-08-12,Buy,NIFTY,50,PE,16300,2021-08-12,14:52:50,1.3,15:15:30,0.35
262,CE_PE_SMA10_SMA30_2021,2021-08-12,Buy,NIFTY,50,CE,16400,2021-08-12,15:15:30,0.1,15:15:00,0.15
263,CE_PE_SMA10_SMA30_2021,2021-08-13,Buy,NIFTY,50,CE,16500,2021-08-18,14:11:20,72.0,15:15:00,87.85
264,CE_PE_SMA10_SMA30_2021,2021-08-16,Buy,NIFTY,50,CE,16500,2021-08-18,10:51:30,86.75,15:15:00,103.7
265,CE_PE_SMA10_SMA30_2021,2021-08-17,Buy,NIFTY,50,CE,16600,2021-08-18,11:16:20,34.05,12:04:00,21.8
266,CE_PE_SMA10_SMA30_2021,2021-08-17,Buy,NIFTY,50,PE,16500,2021-08-18,12:04:00,44.5,14:05:35,28.65
267,CE_PE_SMA10_SMA30_2021,2021-08-17,Buy,NIFTY,50,CE,16500,2021-08-18,14:05:35,84.85,15:15:00,128.75
268,CE_PE_SMA10_SMA30_2021,2021-08-18,Buy,NIFTY,50,PE,16700,2021-08-18,11:40:45,47.6,15:15:00,121.65
269,CE_PE_SMA10_SMA30_2021,2021-08-20,Buy,NIFTY,50,CE,16500,2021-08-26,12:01:05,78.8,13:51:30,63.35
270,CE_PE_SMA10_SMA30_2021,2021-08-20,Buy,NIFTY,50,PE,16400,2021-08-26,13:51:30,91.75,14:30:40,67.05
271,CE_PE_SMA10_SMA30_2021,2021-08-20,Buy,NIFTY,50,CE,16500,2021-08-26,14:30:40,86.9,15:15:00,75.6
272,CE_PE_SMA10_SMA30_2021,2021-08-23,Buy,NIFTY,50,PE,16400,2021-08-26,10:46:00,82.1,13:38:30,38.6
273,CE_PE_SMA10_SMA30_2021,2021-08-23,Buy,NIFTY,50,CE,16500,2021-08-26,13:38:30,84.75,15:15:00,75.8
274,CE_PE_SMA10_SMA30_2021,2021-08-24,Buy,NIFTY,50,CE,16500,2021-08-26,11:29:55,91.9,15:15:00,144.2
275,CE_PE_SMA10_SMA30_2021,2021-08-25,Buy,NIFTY,50,PE,16700,2021-08-26,11:58:40,78.3,13:46:20,56.45
276,CE_PE_SMA10_SMA30_2021,2021-08-25,Buy,NIFTY,50,CE,16700,2021-08-26,13:46:20,33.85,14:30:10,17.75
277,CE_PE_SMA10_SMA30_2021,2021-08-25,Buy,NIFTY,50,PE,16600,2021-08-26,14:30:10,34.05,15:15:00,33.15
278,CE_PE_SMA10_SMA30_2021,2021-08-26,Buy,NIFTY,50,CE,16700,2021-08-26,10:18:30,17.15,12:08:40,5.45
279,CE_PE_SMA10_SMA30_2021,2021-08-26,Buy,NIFTY,50,PE,16600,2021-08-26,12:08:40,13.95,15:15:00,0.1
280,CE_PE_SMA10_SMA30_2021,2021-08-27,Buy,NIFTY,50,CE,16700,2021-09-02,10:26:30,59.4,15:15:00,94.45
281,CE_PE_SMA10_SMA30_2021,2021-08-30,Buy,NIFTY,50,CE,16900,2021-09-02,12:36:45,53.75,15:15:00,83.8
282,CE_PE_SMA10_SMA30_2021,2021-09-01,Buy,NIFTY,50,PE,17100,2021-09-02,11:05:00,58.6,13:15:45,41.6
283,CE_PE_SMA10_SMA30_2021,2021-09-01,Buy,NIFTY,50,CE,17100,2021-09-02,13:15:45,69.15,15:09:50,34.25
284,CE_PE_SMA10_SMA30_2021,2021-09-01,Buy,NIFTY,50,PE,17100,2021-09-02,15:09:50,54.05,15:15:00,56.3
285,CE_PE_SMA10_SMA30_2021,2021-09-02,Buy,NIFTY,50,CE,17100,2021-09-02,10:40:05,41.4,15:15:00,134.0
286,CE_PE_SMA10_SMA30_2021,2021-09-03,Buy,NIFTY,50,PE,17300,2021-09-09,11:10:30,140.0,13:10:20,111.65
287,CE_PE_SMA10_SMA30_2021,2021-09-03,Buy,NIFTY,50,CE,17300,2021-09-09,13:10:20,95.75,15:15:00,111.95
288,CE_PE_SMA10_SMA30_2021,2021-09-06,Buy,NIFTY,50,CE,17400,2021-09-09,12:50:20,85.0,15:15:00,83.25
289,CE_PE_SMA10_SMA30_2021,2021-09-07,Buy,NIFTY,50,PE,17400,2021-09-09,09:25:00,114.7,12:05:25,98.25
290,CE_PE_SMA10_SMA30_2021,2021-09-07,Buy,NIFTY,50,CE,17400,2021-09-09,12:05:25,53.6,15:15:00,50.6
291,CE_PE_SMA10_SMA30_2021,2021-09-08,Buy,NIFTY,50,CE,17400,2021-09-09,11:13:40,46.55,12:35:05,25.8
292,CE_PE_SMA10_SMA30_2021,2021-09-08,Buy,NIFTY,50,PE,17300,2021-09-09,12:35:05,51.35,14:42:40,38.0
293,CE_PE_SMA10_SMA30_2021,2021-09-08,Buy,NIFTY,50,CE,17300,2021-09-09,14:42:40,62.3,15:15:00,78.2
294,CE_PE_SMA10_SMA30_2021,2021-09-09,Buy,NIFTY,50,PE,17300,2021-09-09,10:00:00,26.95,14:51:05,1.0
295,CE_PE_SMA10_SMA30_2021,2021-09-09,Buy,NIFTY,50,CE,17300,2021-09-09,14:51:05,54.35,15:15:00,66.1
296,CE_PE_SMA10_SMA30_2021,2021-09-13,Buy,NIFTY,50,PE,17300,2021-09-16,09:50:15,86.05,11:38:05,73.8
297,CE_PE_SMA10_SMA30_2021,2021-09-13,Buy,NIFTY,50,CE,17300,2021-09-16,11:38:05,98.0,15:11:20,112.5
298,CE_PE_SMA10_SMA30_2021,2021-09-13,Buy,NIFTY,50,PE,17400,2021-09-16,15:11:20,101.85,15:15:00,102.55
299,CE_PE_SMA10_SMA30_2021,2021-09-14,Buy,NIFTY,50,CE,17400,2021-09-16,09:30:30,78.15,12:09:00,69.05
300,CE_PE_SMA10_SMA30_2021,2021-09-14,Buy,NIFTY,50,PE,17400,2021-09-16,12:09:00,62.35,15:15:00,67.8
301,CE_PE_SMA10_SMA30_2021,2021-09-15,Buy,NIFTY,50,CE,17400,2021-09-16,09:30:25,57.3,15:15:00,134.75
302,CE_PE_SMA10_SMA30_2021,2021-09-16,Buy,NIFTY,50,PE,17500,2021-09-16,11:21:15,15.2,12:11:30,5.4
303,CE_PE_SMA10_SMA30_2021,2021-09-16,Buy,NIFTY,50,CE,17600,2021-09-16,12:11:30,12.9,15:15:00,31.95
304,CE_PE_SMA10_SMA30_2021,2021-09-17,Buy,NIFTY,50,PE,17700,2021-09-23,11:45:05,129.35,15:15:00,159.45
305,CE_PE_SMA10_SMA30_2021,2021-09-20,Buy,NIFTY,50,CE,17600,2021-09-23,10:58:40,103.25,12:15:00,60.3
306,CE_PE_SMA10_SMA30_2021,2021-09-20,Buy,NIFTY,50,PE,17500,2021-09-23,12:15:00,97.5,15:15:00,163.8
307,CE_PE_SMA10_SMA30_2021,2021-09-21,Buy,NIFTY,50,PE,17400,2021-09-23,11:12:05,133.2,12:31:15,97.45
308,CE_PE_SMA10_SMA30_2021,2021-09-21,Buy,NIFTY,50,CE,17400,2021-09-23,12:31:15,104.85,15:15:00,182.95
309,CE_PE_SMA10_SMA30_2021,2021-09-22,Buy,NIFTY,50,CE,17600,2021-09-23,12:41:00,60.0,15:05:50,48.1
310,CE_PE_SMA10_SMA30_2021,2021-09-22,Buy,NIFTY,50,PE,17600,2021-09-23,15:05:50,70.65,15:15:00,83.5
311,CE_PE_SMA10_SMA30_2021,2021-09-23,Buy,NIFTY,50,CE,17700,2021-09-23,09:25:05,24.4,15:15:00,126.0
312,CE_PE_SMA10_SMA30_2021,2021-09-24,Buy,NIFTY,50,PE,17900,2021-09-30,11:50:00,129.2,15:15:00,136.1
313,CE_PE_SMA10_SMA30_2021,2021-09-27,Buy,NIFTY,50,PE,17800,2021-09-30,10:45:00,98.15,12:30:35,78.3
314,CE_PE_SMA10_SMA30_2021,2021-09-27,Buy,NIFTY,50,CE,17900,2021-09-30,12:30:35,89.9,14:45:00,77.5
315,CE_PE_SMA10_SMA30_2021,2021-09-27,Buy,NIFTY,50,PE,17800,2021-09-30,14:45:00,82.65,15:15:00,74.25
316,CE_PE_SMA10_SMA30_2021,2021-09-28,Buy,NIFTY,50,PE,17800,2021-09-30,10:55:00,87.2,15:10:00,110.9
317,CE_PE_SMA10_SMA30_2021,2021-09-28,Buy,NIFTY,50,CE,17800,2021-09-30,15:10:00,66.05,15:15:00,76.0
318,CE_PE_SMA10_SMA30_2021,2021-09-29,Buy,NIFTY,50,CE,17700,2021-09-30,11:45:05,63.35,15:15:00,61.1
319,CE_PE_SMA10_SMA30_2021,2021-09-30,Buy,NIFTY,50,PE,17700,2021-09-30,09:22:20,64.4,11:26:45,39.25
320,CE_PE_SMA10_SMA30_2021,2021-09-30,Buy,NIFTY,50,CE,17700,2021-09-30,11:26:45,47.35,13:18:30,9.6
321,CE_PE_SMA10_SMA30_2021,2021-09-30,Buy,NIFTY,50,PE,17600,2021-09-30,13:18:30,26.95,15:15:00,0.45
322,CE_PE_SMA10_SMA30_2021,2021-10-01,Buy,NIFTY,50,PE,17500,2021-10-07,12:06:30,169.45,14:10:05,127.1
323,CE_PE_SMA10_SMA30_2021,2021-10-01,Buy,NIFTY,50,CE,17500,2021-10-07,14:10:05,146.0,15:15:00,145.1
324,CE_PE_SMA10_SMA30_2021,2021-10-05,Buy,NIFTY,50,PE,17700,2021-10-07,09:30:30,112.65,15:15:00,31.2
325,CE_PE_SMA10_SMA30_2021,2021-10-06,Buy,NIFTY,50,PE,17800,2021-10-07,10:20:10,79.95,12:07:20,42.15
326,CE_PE_SMA10_SMA30_2021,2021-10-06,Buy,NIFTY,50,CE,17800,2021-10-07,12:07:20,89.7,13:10:00,56.1
327,CE_PE_SMA10_SMA30_2021,2021-10-06,Buy,NIFTY,50,PE,17800,2021-10-07,13:10:00,74.25,15:15:00,166.05
328,CE_PE_SMA10_SMA30_2021,2021-10-07,Buy,NIFTY,50,CE,17800,2021-10-07,11:43:00,45.9,15:15:00,0.75
329,CE_PE_SMA10_SMA30_2021,2021-10-08,Buy,NIFTY,50,CE,17900,2021-10-14,09:45:00,106.5,12:15:05,97.8
330,CE_PE_SMA10_SMA30_2021,2021-10-08,Buy,NIFTY,50,PE,17900,2021-10-14,12:15:05,132.05,14:00:10,110.1
331,CE_PE_SMA10_SMA30_2021,2021-10-08,Buy,NIFTY,50,CE,17900,2021-10-14,14:00:10,110.35,15:15:00,110.0
332,CE_PE_SMA10_SMA30_2021,2021-10-11,Buy,NIFTY,50,PE,17900,2021-10-14,09:30:15,105.0,09:40:35,87.4
333,CE_PE_SMA10_SMA30_2021,2021-10-11,Buy,NIFTY,50,CE,17900,2021-10-14,09:40:35,117.3,14:38:15,165.2
334,CE_PE_SMA10_SMA30_2021,2021-10-11,Buy,NIFTY,50,PE,18000,2021-10-14,14:38:15,95.2,15:15:00,112.25
335,CE_PE_SMA10_SMA30_2021,2021-10-12,Buy,NIFTY,50,CE,17900,2021-10-14,12:56:50,104.55,15:15:00,136.95
336,CE_PE_SMA10_SMA30_2021,2021-10-14,Buy,NIFTY,50,PE,18300,2021-10-14,13:29:35,43.7,14:16:45,10.25
337,CE_PE_SMA10_SMA30_2021,2021-10-14,Buy,NIFTY,50,CE,18300,2021-10-14,14:16:45,19.05,15:15:00,37.45
338,CE_PE_SMA10_SMA30_2021,2021-10-18,Buy,NIFTY,50,CE,18500,2021-10-21,14:00:50,114.45,15:05:35,101.05
339,CE_PE_SMA10_SMA30_2021,2021-10-18,Buy,NIFTY,50,PE,18500,2021-10-21,15:05:35,101.5,15:15:00,107.95
340,CE_PE_SMA10_SMA30_2021,2021-10-19,Buy,NIFTY,50,CE,18600,2021-10-21,09:53:00,78.8,14:05:05,55.7
341,CE_PE_SMA10_SMA30_2021,2021-10-19,Buy,NIFTY,50,PE,18500,2021-10-21,14:05:05,78.55,15:15:00,137.5
342,CE_PE_SMA10_SMA30_2021,2021-10-20,Buy,NIFTY,50,PE,18400,2021-10-21,11:01:45,87.9,15:15:00,133.25
343,CE_PE_SMA10_SMA30_2021,2021-10-21,Buy,NIFTY,50,PE,18300,2021-10-21,10:15:40,84.1,15:00:00,112.4
344,CE_PE_SMA10_SMA30_2021,2021-10-21,Buy,NIFTY,50,CE,18200,2021-10-21,15:00:00,6.25,15:15:00,0.4
345,CE_PE_SMA10_SMA30_2021,2021-10-22,Buy,NIFTY,50,PE,18200,2021-10-28,11:26:10,112.65,15:15:00,155.0
346,CE_PE_SMA10_SMA30_2021,2021-10-22,Buy,NIFTY,50,CE,18100,2021-10-28,15:15:00,165.4,15:15:00,165.4
347,CE_PE_SMA10_SMA30_2021,2021-10-25,Buy,NIFTY,50,PE,18100,2021-10-28,09:45:10,150.15,11:10:00,123.05
348,CE_PE_SMA10_SMA30_2021,2021-10-25,Buy,NIFTY,50,CE,18100,2021-10-28,11:10:00,146.9,14:15:00,130.7
349,CE_PE_SMA10_SMA30_2021,2021-10-25,Buy,NIFTY,50,PE,18100,2021-10-28,14:15:00,125.85,15:15:00,99.35
350,CE_PE_SMA10_SMA30_2021,2021-10-26,Buy,NIFTY,50,CE,18200,2021-10-28,09:20:00,126.2,11:09:10,95.75
351,CE_PE_SMA10_SMA30_2021,2021-10-26,Buy,NIFTY,50,PE,18200,2021-10-28,11:09:10,128.9,15:15:00,51.3
352,CE_PE_SMA10_SMA30_2021,2021-10-27,Buy,NIFTY,50,CE,18300,2021-10-28,11:30:05,100.0,14:30:15,49.6
353,CE_PE_SMA10_SMA30_2021,2021-10-27,Buy,NIFTY,50,PE,18300,2021-10-28,14:30:15,96.0,15:15:00,100.3
354,CE_PE_SMA10_SMA30_2021,2021-10-29,Buy,NIFTY,50,CE,17900,2021-11-03,10:34:35,146.0,12:10:15,115.55
355,CE_PE_SMA10_SMA30_2021,2021-10-29,Buy,NIFTY,50,PE,17800,2021-11-03,12:10:15,129.75,15:15:00,203.05
356,CE_PE_SMA10_SMA30_2021,2021-11-01,Buy,NIFTY,50,CE,17800,2021-11-03,09:48:50,124.6,15:15:00,219.0
357,CE_PE_SMA10_SMA30_2021,2021-11-02,Buy,NIFTY,50,PE,18000,2021-11-03,09:46:25,110.45,15:15:00,120.9
358,CE_PE_SMA10_SMA30_2021,2021-11-03,Buy,NIFTY,50,CE,18000,2021-11-03,09:33:55,35.0,11:59:45,10.4
359,CE_PE_SMA10_SMA30_2021,2021-11-03,Buy,NIFTY,50,PE,18000,2021-11-03,11:59:45,86.2,15:15:00,177.5
360,CE_PE_SMA10_SMA30_2021,2021-11-08,Buy,NIFTY,50,PE,17900,2021-11-11,10:10:45,136.4,11:05:35,95.2
361,CE_PE_SMA10_SMA30_2021,2021-11-08,Buy,NIFTY,50,CE,17900,2021-11-11,11:05:35,127.1,15:15:00,233.3
362,CE_PE_SMA10_SMA30_2021,2021-11-09,Buy,NIFTY,50,PE,18100,2021-11-11,09:22:05,112.65,12:05:00,104.4
363,CE_PE_SMA10_SMA30_2021,2021-11-09,Buy,NIFTY,50,CE,18100,2021-11-11,12:05:00,79.5,13:34:05,53.4
364,CE_PE_SMA10_SMA30_2021,2021-11-09,Buy,NIFTY,50,PE,18000,2021-11-11,13:34:05,76.55,15:15:00,58.75
365,CE_PE_SMA10_SMA30_2021,2021-11-10,Buy,NIFTY,50,CE,18000,2021-11-11,11:40:10,57.9,15:15:00,69.6
366,CE_PE_SMA10_SMA30_2021,2021-11-11,Buy,NIFTY,50,PE,17900,2021-11-11,09:25:30,33.0,13:28:25,41.9
367,CE_PE_SMA10_SMA30_2021,2021-11-11,Buy,NIFTY,50,CE,17900,2021-11-11,13:28:25,28.4,14:15:45,3.65
368,CE_PE_SMA10_SMA30_2021,2021-11-11,Buy,NIFTY,50,PE,17800,2021-11-11,14:15:45,27.5,15:15:00,0.25
369,CE_PE_SMA10_SMA30_2021,2021-11-11,Buy,NIFTY,50,CE,17900,2021-11-11,15:15:00,0.4,15:15:00,0.4
370,CE_PE_SMA10_SMA30_2021,2021-11-12,Buy,NIFTY,50,PE,17900,2021-11-18,11:05:00,105.95,11:56:15,83.25
371,CE_PE_SMA10_SMA30_2021,2021-11-12,Buy,NIFTY,50,CE,18000,2021-11-18,11:56:15,105.0,15:15:00,179.6
372,CE_PE_SMA10_SMA30_2021,2021-11-15,Buy,NIFTY,50,CE,18200,2021-11-18,14:10:10,80.8,15:15:00,68.25
373,CE_PE_SMA10_SMA30_2021,2021-11-16,Buy,NIFTY,50,PE,18100,2021-11-18,09:20:15,104.3,12:18:45,87.7
374,CE_PE_SMA10_SMA30_2021,2021-11-16,Buy,NIFTY,50,CE,18100,2021-11-18,12:18:45,90.05,14:20:10,64.5
375,CE_PE_SMA10_SMA30_2021,2021-11-16,Buy,NIFTY,50,PE,18100,2021-11-18,14:20:10,109.1,15:15:00,129.1
376,CE_PE_SMA10_SMA30_2021,2021-11-17,Buy,NIFTY,50,PE,18000,2021-11-18,12:05:00,98.8,13:43:20,67.3
377,CE_PE_SMA10_SMA30_2021,2021-11-17,Buy,NIFTY,50,CE,18000,2021-11-18,13:43:20,65.35,14:50:45,36.75
378,CE_PE_SMA10_SMA30_2021,2021-11-17,Buy,NIFTY,50,PE,18000,2021-11-18,14:50:45,91.65,15:15:00,119.15
379,CE_PE_SMA10_SMA30_2021,2021-11-18,Buy,NIFTY,50,CE,17800,2021-11-18,13:27:35,19.8,15:15:00,0.25
380,CE_PE_SMA10_SMA30_2021,2021-11-22,Buy,NIFTY,50,PE,17700,2021-11-25,09:20:50,142.7,15:15:00,300.0
381,CE_PE_SMA10_SMA30_2021,2021-11-23,Buy,NIFTY,50,CE,17500,2021-11-25,11:30:00,79.65,13:10:05,58.5
382,CE_PE_SMA10_SMA30_2021,2021-11-23,Buy,NIFTY,50,PE,17400,2021-11-25,13:10:05,85.7,13:30:00,54.0
383,CE_PE_SMA10_SMA30_2021,2021-11-23,Buy,NIFTY,50,CE,17500,2021-11-25,13:30:00,96.9,15:15:00,89.75
384,CE_PE_SMA10_SMA30_2021,2021-11-24,Buy,NIFTY,50,CE,17600,2021-11-25,09:52:30,55.55,14:15:00,30.4
385,CE_PE_SMA10_SMA30_2021,2021-11-24,Buy,NIFTY,50,PE,17500,2021-11-25,14:15:00,53.9,15:15:00,111.25
386,CE_PE_SMA10_SMA30_2021,2021-11-25,Buy,NIFTY,50,CE,17400,2021-11-25,11:12:05,77.0,15:15:00,127.2
387,CE_PE_SMA10_SMA30_2021,2021-11-26,Buy,NIFTY,50,PE,17300,2021-12-02,09:25:15,156.55,15:15:00,320.3
388,CE_PE_SMA10_SMA30_2021,2021-11-29,Buy,NIFTY,50,PE,17200,2021-12-02,14:10:00,168.55,15:15:00,207.2
389,CE_PE_SMA10_SMA30_2021,2021-11-30,Buy,NIFTY,50,CE,17300,2021-12-02,09:39:20,77.35,11:25:00,33.4
390,CE_PE_SMA10_SMA30_2021,2021-11-30,Buy,NIFTY,50,PE,17100,2021-12-02,11:25:00,130.95,13:34:15,104.2
391,CE_PE_SMA10_SMA30_2021,2021-11-30,Buy,NIFTY,50,CE,17100,2021-12-02,13:34:15,128.7,15:05:10,71.85
392,CE_PE_SMA10_SMA30_2021,2021-11-30,Buy,NIFTY,50,PE,17000,2021-12-02,15:05:10,106.85,15:15:00,112.5
393,CE_PE_SMA10_SMA30_2021,2021-12-01,Buy,NIFTY,50,CE,17200,2021-12-02,10:40:40,78.7,13:10:00,60.3
394,CE_PE_SMA10_SMA30_2021,2021-12-01,Buy,NIFTY,50,PE,17200,2021-12-02,13:10:00,115.8,15:11:10,75.3
395,CE_PE_SMA10_SMA30_2021,2021-12-01,Buy,NIFTY,50,CE,17200,2021-12-02,15:11:10,56.6,15:15:00,54.65
396,CE_PE_SMA10_SMA30_2021,2021-12-03,Buy,NIFTY,50,PE,17400,2021-12-09,10:26:00,167.9,15:15:00,249.05
397,CE_PE_SMA10_SMA30_2021,2021-12-07,Buy,NIFTY,50,CE,17100,2021-12-09,09:51:15,106.95,15:15:00,144.2
398,CE_PE_SMA10_SMA30_2021,2021-12-08,Buy,NIFTY,50,CE,17400,2021-12-09,09:37:30,71.9,15:15:00,107.7
399,CE_PE_SMA10_SMA30_2021,2021-12-09,Buy,NIFTY,50,PE,17500,2021-12-09,10:00:15,89.55,12:08:20,60.55
400,CE_PE_SMA10_SMA30_2021,2021-12-09,Buy,NIFTY,50,CE,17500,2021-12-09,12:08:20,18.65,14:22:50,11.2
401,CE_PE_SMA10_SMA30_2021,2021-12-09,Buy,NIFTY,50,PE,17500,2021-12-09,14:22:50,39.75,15:15:00,0.4
402,CE_PE_SMA10_SMA30_2021,2021-12-10,Buy,NIFTY,50,PE,17500,2021-12-16,10:00:15,146.15,14:29:45,127.55
403,CE_PE_SMA10_SMA30_2021,2021-12-10,Buy,NIFTY,50,CE,17500,2021-12-16,14:29:45,115.0,15:15:00,148.75
404,CE_PE_SMA10_SMA30_2021,2021-12-13,Buy,NIFTY,50,PE,17600,2021-12-16,11:20:00,125.55,15:15:00,229.7
405,CE_PE_SMA10_SMA30_2021,2021-12-14,Buy,NIFTY,50,PE,17300,2021-12-16,09:20:00,125.7,12:00:00,81.35
406,CE_PE_SMA10_SMA30_2021,2021-12-14,Buy,NIFTY,50,CE,17400,2021-12-16,12:00:00,73.1,14:15:15,53.25
407,CE_PE_SMA10_SMA30_2021,2021-12-14,Buy,NIFTY,50,PE,17300,2021-12-16,14:15:15,103.0,15:15:00,81.95
408,CE_PE_SMA10_SMA30_2021,2021-12-15,Buy,NIFTY,50,PE,17300,2021-12-16,09:30:50,105.6,11:50:05,96.55
409,CE_PE_SMA10_SMA30_2021,2021-12-15,Buy,NIFTY,50,CE,17300,2021-12-16,11:50:05,66.15,15:15:00,42.2
410,CE_PE_SMA10_SMA30_2021,2021-12-16,Buy,NIFTY,50,CE,17300,2021-12-16,11:00:30,43.95,12:07:35,14.7
411,CE_PE_SMA10_SMA30_2021,2021-12-16,Buy,NIFTY,50,PE,17300,2021-12-16,12:07:35,96.9,13:21:25,54.85
412,CE_PE_SMA10_SMA30_2021,2021-12-16,Buy,NIFTY,50,CE,17300,2021-12-16,13:21:25,18.5,14:42:20,1.25
413,CE_PE_SMA10_SMA30_2021,2021-12-16,Buy,NIFTY,50,PE,17300,2021-12-16,14:42:20,99.45,15:28:40,51.5
414,CE_PE_SMA10_SMA30_2021,2021-12-16,Buy,NIFTY,50,CE,17300,2021-12-16,15:28:40,0.1,15:15:00,0.2
415,CE_PE_SMA10_SMA30_2021,2021-12-17,Buy,NIFTY,50,PE,17200,2021-12-23,09:30:00,166.3,13:21:55,212.85
416,CE_PE_SMA10_SMA30_2021,2021-12-17,Buy,NIFTY,50,CE,17100,2021-12-23,13:21:55,125.55,14:53:55,95.95
417,CE_PE_SMA10_SMA30_2021,2021-12-17,Buy,NIFTY,50,PE,17000,2021-12-23,14:53:55,144.35,15:15:00,137.05
418,CE_PE_SMA10_SMA30_2021,2021-12-20,Buy,NIFTY,50,CE,16600,2021-12-23,14:16:25,122.7,15:15:00,152.75
419,CE_PE_SMA10_SMA30_2021,2021-12-21,Buy,NIFTY,50,PE,16900,2021-12-23,13:40:15,118.3,15:15:00,163.05
420,CE_PE_SMA10_SMA30_2021,2021-12-22,Buy,NIFTY,50,CE,16900,2021-12-23,09:41:05,85.0,14:00:25,53.65
421,CE_PE_SMA10_SMA30_2021,2021-12-22,Buy,NIFTY,50,PE,16900,2021-12-23,14:00:25,87.2,14:50:00,55.3
422,CE_PE_SMA10_SMA30_2021,2021-12-22,Buy,NIFTY,50,CE,16900,2021-12-23,14:50:00,80.0,15:15:00,91.4
423,CE_PE_SMA10_SMA30_2021,2021-12-23,Buy,NIFTY,50,PE,17100,2021-12-23,11:30:35,81.45,12:24:45,37.85
424,CE_PE_SMA10_SMA30_2021,2021-12-23,Buy,NIFTY,50,CE,17100,2021-12-23,12:24:45,21.75,15:20:40,0.05
425,CE_PE_SMA10_SMA30_2021,2021-12-23,Buy,NIFTY,50,PE,17100,2021-12-23,15:20:40,28.55,15:15:00,14.65
426,CE_PE_SMA10_SMA30_2021,2021-12-24,Buy,NIFTY,50,CE,17000,2021-12-30,13:40:05,127.5,15:15:00,134.35
427,CE_PE_SMA10_SMA30_2021,2021-12-27,Buy,NIFTY,50,PE,16900,2021-12-30,09:20:05,147.25,10:45:00,73.9
428,CE_PE_SMA10_SMA30_2021,2021-12-27,Buy,NIFTY,50,CE,17000,2021-12-30,10:45:00,141.95,15:15:00,177.7
429,CE_PE_SMA10_SMA30_2021,2021-12-28,Buy,NIFTY,50,PE,17200,2021-12-30,13:35:35,75.2,14:20:00,60.15
430,CE_PE_SMA10_SMA30_2021,2021-12-28,Buy,NIFTY,50,CE,17300,2021-12-30,14:20:00,59.05,15:15:00,54.8
431,CE_PE_SMA10_SMA30_2021,2021-12-29,Buy,NIFTY,50,CE,17300,2021-12-30,09:20:00,58.25,11:00:05,35.75
432,CE_PE_SMA10_SMA30_2021,2021-12-29,Buy,NIFTY,50,PE,17200,2021-12-30,11:00:05,55.65,13:20:00,46.1
433,CE_PE_SMA10_SMA30_2021,2021-12-29,Buy,NIFTY,50,CE,17200,2021-12-30,13:20:00,84.95,15:15:00,73.55
434,CE_PE_SMA10_SMA30_2021,2021-12-30,Buy,NIFTY,50,CE,17300,2021-12-30,10:25:50,15.6,14:15:05,1.4
435,CE_PE_SMA10_SMA30_2021,2021-12-30,Buy,NIFTY,50,PE,17200,2021-12-30,14:15:05,15.75,15:15:00,1.45
436,CE_PE_SMA10_SMA30_2021,2021-12-31,Buy,NIFTY,50,CE,17300,2022-01-06,09:30:00,141.9,14:32:00,154.8
437,CE_PE_SMA10_SMA30_2021,2021-12-31,Buy,NIFTY,50,PE,17400,2022-01-06,14:32:00,141.4,15:15:00,138.9
